{"cameraMode":{"drawMode":0,"name":"Shaded","section":"Shading Mode"},"sceneLighting":true,"audioPlay":false,"sceneViewState":{"m_AlwaysRefresh":false,"showFog":true,"showSkybox":true,"showFlares":true,"showImageEffects":true,"showParticleSystems":true,"showVisualEffectGraphs":true,"m_FxEnabled":true},"in2DMode":false,"pivot":{"x":604.2479248046875,"y":148.46865844726563,"z":1221.1395263671875},"rotation":{"x":-0.02854146808385849,"y":-0.13543276488780976,"z":0.0038961770478636028,"w":-0.9903923869132996},"size":814.4568481445313,"orthographic":false}