{"cameraMode":{"drawMode":0,"name":"Shaded","section":"Shading Mode"},"sceneLighting":true,"audioPlay":false,"sceneViewState":{"m_AlwaysRefresh":false,"showFog":true,"showSkybox":true,"showFlares":true,"showImageEffects":true,"showParticleSystems":true,"showVisualEffectGraphs":true,"m_FxEnabled":true},"in2DMode":false,"pivot":{"x":487.2809753417969,"y":60.44003677368164,"z":-11.19591236114502},"rotation":{"x":0.035655781626701358,"y":0.04256172105669975,"z":0.0014494110364466906,"w":-0.9985120296478272},"size":110.6488037109375,"orthographic":false}