{"cameraMode":{"drawMode":0,"name":"Shaded","section":"Shading Mode"},"sceneLighting":true,"audioPlay":false,"sceneViewState":{"m_AlwaysRefresh":false,"showFog":true,"showSkybox":true,"showFlares":true,"showImageEffects":true,"showParticleSystems":true,"showVisualEffectGraphs":true,"m_FxEnabled":true},"in2DMode":false,"pivot":{"x":-2.424851417541504,"y":-18.351703643798829,"z":79.46868133544922},"rotation":{"x":-0.16156446933746339,"y":0.021315695717930795,"z":-0.0034732413478195669,"w":-0.9866500496864319},"size":126.5511245727539,"orthographic":false}