{"cameraMode":{"drawMode":0,"name":"Shaded","section":"Shading Mode"},"sceneLighting":true,"audioPlay":false,"sceneViewState":{"m_AlwaysRefresh":false,"showFog":true,"showSkybox":true,"showFlares":true,"showImageEffects":true,"showParticleSystems":true,"showVisualEffectGraphs":true,"m_FxEnabled":true},"in2DMode":false,"pivot":{"x":4.605144500732422,"y":-4.83631706237793,"z":14.725460052490235},"rotation":{"x":-0.24918551743030549,"y":0.058643270283937457,"z":-0.015119588002562523,"w":-0.9665728807449341},"size":12.577998161315918,"orthographic":false}