{"cameraMode":{"drawMode":0,"name":"Shaded","section":"Shading Mode"},"sceneLighting":true,"audioPlay":false,"sceneViewState":{"m_AlwaysRefresh":false,"showFog":true,"showSkybox":true,"showFlares":true,"showImageEffects":true,"showParticleSystems":true,"showVisualEffectGraphs":true,"m_FxEnabled":true},"in2DMode":false,"pivot":{"x":0.5061542987823486,"y":-2.399899482727051,"z":20.861221313476564},"rotation":{"x":-0.3186699450016022,"y":-0.08882942795753479,"z":0.030024074018001558,"w":-0.9432348608970642},"size":12.90723991394043,"orthographic":false}